Parliamentary Constituency 2024 Code,Parliamentary Constituency 2024 Label,Age - 11 Categories Code,Age - 11 Categories Label,Count
N05000001,Belfast East,1,0-15 years,19255
N05000001,Belfast East,2,16-24 years,8937
N05000001,Belfast East,3,25-29 years,7485
N05000001,Belfast East,4,30-34 years,8645
N05000001,Belfast East,5,35-39 years,7841
N05000001,Belfast East,6,40-44 years,6976
N05000001,Belfast East,7,45-49 years,6558
N05000001,Belfast East,8,50-54 years,7006
N05000001,Belfast East,9,55-59 years,6800
N05000001,Belfast East,10,60-64 years,5943
N05000001,Belfast East,11,65+ years,16833
N05000002,Belfast North,1,0-15 years,22099
N05000002,Belfast North,2,16-24 years,11667
N05000002,Belfast North,3,25-29 years,7221
N05000002,Belfast North,4,30-34 years,7731
N05000002,Belfast North,5,35-39 years,7514
N05000002,Belfast North,6,40-44 years,6789
N05000002,Belfast North,7,45-49 years,6233
N05000002,Belfast North,8,50-54 years,6907
N05000002,Belfast North,9,55-59 years,7330
N05000002,Belfast North,10,60-64 years,6328
N05000002,Belfast North,11,65+ years,16672
N05000003,Belfast South and Mid Down,1,0-15 years,18704
N05000003,Belfast South and Mid Down,2,16-24 years,22327
N05000003,Belfast South and Mid Down,3,25-29 years,10226
N05000003,Belfast South and Mid Down,4,30-34 years,8758
N05000003,Belfast South and Mid Down,5,35-39 years,7982
N05000003,Belfast South and Mid Down,6,40-44 years,7199
N05000003,Belfast South and Mid Down,7,45-49 years,6550
N05000003,Belfast South and Mid Down,8,50-54 years,6662
N05000003,Belfast South and Mid Down,9,55-59 years,7100
N05000003,Belfast South and Mid Down,10,60-64 years,6452
N05000003,Belfast South and Mid Down,11,65+ years,17591
N05000004,Belfast West,1,0-15 years,22971
N05000004,Belfast West,2,16-24 years,11402
N05000004,Belfast West,3,25-29 years,6946
N05000004,Belfast West,4,30-34 years,7635
N05000004,Belfast West,5,35-39 years,7282
N05000004,Belfast West,6,40-44 years,6315
N05000004,Belfast West,7,45-49 years,5613
N05000004,Belfast West,8,50-54 years,6711
N05000004,Belfast West,9,55-59 years,7123
N05000004,Belfast West,10,60-64 years,6256
N05000004,Belfast West,11,65+ years,14923
N05000005,East Antrim,1,0-15 years,17606
N05000005,East Antrim,2,16-24 years,9484
N05000005,East Antrim,3,25-29 years,5198
N05000005,East Antrim,4,30-34 years,5731
N05000005,East Antrim,5,35-39 years,5761
N05000005,East Antrim,6,40-44 years,5846
N05000005,East Antrim,7,45-49 years,6484
N05000005,East Antrim,8,50-54 years,7590
N05000005,East Antrim,9,55-59 years,7626
N05000005,East Antrim,10,60-64 years,6609
N05000005,East Antrim,11,65+ years,19019
N05000006,East Londonderry,1,0-15 years,20086
N05000006,East Londonderry,2,16-24 years,10977
N05000006,East Londonderry,3,25-29 years,5550
N05000006,East Londonderry,4,30-34 years,6024
N05000006,East Londonderry,5,35-39 years,6190
N05000006,East Londonderry,6,40-44 years,6149
N05000006,East Londonderry,7,45-49 years,6867
N05000006,East Londonderry,8,50-54 years,7688
N05000006,East Londonderry,9,55-59 years,7454
N05000006,East Londonderry,10,60-64 years,6551
N05000006,East Londonderry,11,65+ years,19749
N05000007,Fermanagh and South Tyrone,1,0-15 years,24412
N05000007,Fermanagh and South Tyrone,2,16-24 years,10994
N05000007,Fermanagh and South Tyrone,3,25-29 years,6161
N05000007,Fermanagh and South Tyrone,4,30-34 years,7221
N05000007,Fermanagh and South Tyrone,5,35-39 years,7779
N05000007,Fermanagh and South Tyrone,6,40-44 years,7367
N05000007,Fermanagh and South Tyrone,7,45-49 years,7245
N05000007,Fermanagh and South Tyrone,8,50-54 years,7347
N05000007,Fermanagh and South Tyrone,9,55-59 years,7272
N05000007,Fermanagh and South Tyrone,10,60-64 years,6458
N05000007,Fermanagh and South Tyrone,11,65+ years,19535
N05000008,Foyle,1,0-15 years,20706
N05000008,Foyle,2,16-24 years,10425
N05000008,Foyle,3,25-29 years,5959
N05000008,Foyle,4,30-34 years,6726
N05000008,Foyle,5,35-39 years,6704
N05000008,Foyle,6,40-44 years,6363
N05000008,Foyle,7,45-49 years,6091
N05000008,Foyle,8,50-54 years,6659
N05000008,Foyle,9,55-59 years,6905
N05000008,Foyle,10,60-64 years,5800
N05000008,Foyle,11,65+ years,14966
N05000009,Lagan Valley,1,0-15 years,23094
N05000009,Lagan Valley,2,16-24 years,10251
N05000009,Lagan Valley,3,25-29 years,6872
N05000009,Lagan Valley,4,30-34 years,7597
N05000009,Lagan Valley,5,35-39 years,7732
N05000009,Lagan Valley,6,40-44 years,7520
N05000009,Lagan Valley,7,45-49 years,7366
N05000009,Lagan Valley,8,50-54 years,8127
N05000009,Lagan Valley,9,55-59 years,7544
N05000009,Lagan Valley,10,60-64 years,6495
N05000009,Lagan Valley,11,65+ years,19412
N05000010,Mid Ulster,1,0-15 years,24158
N05000010,Mid Ulster,2,16-24 years,11197
N05000010,Mid Ulster,3,25-29 years,6428
N05000010,Mid Ulster,4,30-34 years,6988
N05000010,Mid Ulster,5,35-39 years,7348
N05000010,Mid Ulster,6,40-44 years,7001
N05000010,Mid Ulster,7,45-49 years,7010
N05000010,Mid Ulster,8,50-54 years,6975
N05000010,Mid Ulster,9,55-59 years,6419
N05000010,Mid Ulster,10,60-64 years,5644
N05000010,Mid Ulster,11,65+ years,16062
N05000011,Newry and Armagh,1,0-15 years,25556
N05000011,Newry and Armagh,2,16-24 years,11774
N05000011,Newry and Armagh,3,25-29 years,6589
N05000011,Newry and Armagh,4,30-34 years,7241
N05000011,Newry and Armagh,5,35-39 years,7678
N05000011,Newry and Armagh,6,40-44 years,7277
N05000011,Newry and Armagh,7,45-49 years,7197
N05000011,Newry and Armagh,8,50-54 years,7449
N05000011,Newry and Armagh,9,55-59 years,7124
N05000011,Newry and Armagh,10,60-64 years,6302
N05000011,Newry and Armagh,11,65+ years,17560
N05000012,North Antrim,1,0-15 years,20537
N05000012,North Antrim,2,16-24 years,10119
N05000012,North Antrim,3,25-29 years,5873
N05000012,North Antrim,4,30-34 years,6464
N05000012,North Antrim,5,35-39 years,6537
N05000012,North Antrim,6,40-44 years,6492
N05000012,North Antrim,7,45-49 years,6915
N05000012,North Antrim,8,50-54 years,7657
N05000012,North Antrim,9,55-59 years,7082
N05000012,North Antrim,10,60-64 years,6408
N05000012,North Antrim,11,65+ years,19748
N05000013,North Down,1,0-15 years,17840
N05000013,North Down,2,16-24 years,8195
N05000013,North Down,3,25-29 years,4963
N05000013,North Down,4,30-34 years,5595
N05000013,North Down,5,35-39 years,6068
N05000013,North Down,6,40-44 years,6205
N05000013,North Down,7,45-49 years,6442
N05000013,North Down,8,50-54 years,6858
N05000013,North Down,9,55-59 years,6915
N05000013,North Down,10,60-64 years,6474
N05000013,North Down,11,65+ years,22347
N05000014,South Antrim,1,0-15 years,21859
N05000014,South Antrim,2,16-24 years,10904
N05000014,South Antrim,3,25-29 years,6325
N05000014,South Antrim,4,30-34 years,6938
N05000014,South Antrim,5,35-39 years,7271
N05000014,South Antrim,6,40-44 years,7194
N05000014,South Antrim,7,45-49 years,7381
N05000014,South Antrim,8,50-54 years,7618
N05000014,South Antrim,9,55-59 years,7229
N05000014,South Antrim,10,60-64 years,5878
N05000014,South Antrim,11,65+ years,17844
N05000015,South Down,1,0-15 years,23417
N05000015,South Down,2,16-24 years,10837
N05000015,South Down,3,25-29 years,5718
N05000015,South Down,4,30-34 years,6468
N05000015,South Down,5,35-39 years,6799
N05000015,South Down,6,40-44 years,6883
N05000015,South Down,7,45-49 years,6701
N05000015,South Down,8,50-54 years,7307
N05000015,South Down,9,55-59 years,7195
N05000015,South Down,10,60-64 years,6148
N05000015,South Down,11,65+ years,17767
N05000016,Strangford,1,0-15 years,18145
N05000016,Strangford,2,16-24 years,9311
N05000016,Strangford,3,25-29 years,5344
N05000016,Strangford,4,30-34 years,5722
N05000016,Strangford,5,35-39 years,5705
N05000016,Strangford,6,40-44 years,5917
N05000016,Strangford,7,45-49 years,6421
N05000016,Strangford,8,50-54 years,7317
N05000016,Strangford,9,55-59 years,7391
N05000016,Strangford,10,60-64 years,6619
N05000016,Strangford,11,65+ years,20262
N05000017,Upper Bann,1,0-15 years,26679
N05000017,Upper Bann,2,16-24 years,12007
N05000017,Upper Bann,3,25-29 years,7841
N05000017,Upper Bann,4,30-34 years,8663
N05000017,Upper Bann,5,35-39 years,8693
N05000017,Upper Bann,6,40-44 years,8246
N05000017,Upper Bann,7,45-49 years,7981
N05000017,Upper Bann,8,50-54 years,8107
N05000017,Upper Bann,9,55-59 years,7963
N05000017,Upper Bann,10,60-64 years,6790
N05000017,Upper Bann,11,65+ years,19071
N05000018,West Tyrone,1,0-15 years,21309
N05000018,West Tyrone,2,16-24 years,10561
N05000018,West Tyrone,3,25-29 years,5711
N05000018,West Tyrone,4,30-34 years,5903
N05000018,West Tyrone,5,35-39 years,6430
N05000018,West Tyrone,6,40-44 years,6424
N05000018,West Tyrone,7,45-49 years,6613
N05000018,West Tyrone,8,50-54 years,6982
N05000018,West Tyrone,9,55-59 years,6807
N05000018,West Tyrone,10,60-64 years,5898
N05000018,West Tyrone,11,65+ years,17115
