Parliamentary Constituency 2024 Code,Parliamentary Constituency 2024 Label,Tenure - 4 Categories Code,Tenure - 4 Categories Label,Count
N05000001,Belfast East,1,Owner occupied,27899
N05000001,Belfast East,2,Social rented,9242
N05000001,Belfast East,3,Private rented,8630
N05000001,Belfast East,4,Lives rent free,770
N05000002,Belfast North,1,Owner occupied,24573
N05000002,Belfast North,2,Social rented,12781
N05000002,Belfast North,3,Private rented,7775
N05000002,Belfast North,4,Lives rent free,980
N05000003,Belfast South and Mid Down,1,Owner occupied,28383
N05000003,Belfast South and Mid Down,2,Social rented,6942
N05000003,Belfast South and Mid Down,3,Private rented,13328
N05000003,Belfast South and Mid Down,4,Lives rent free,1011
N05000004,Belfast West,1,Owner occupied,21457
N05000004,Belfast West,2,Social rented,14998
N05000004,Belfast West,3,Private rented,5363
N05000004,Belfast West,4,Lives rent free,1110
N05000005,East Antrim,1,Owner occupied,29372
N05000005,East Antrim,2,Social rented,4554
N05000005,East Antrim,3,Private rented,6096
N05000005,East Antrim,4,Lives rent free,793
N05000006,East Londonderry,1,Owner occupied,27586
N05000006,East Londonderry,2,Social rented,5568
N05000006,East Londonderry,3,Private rented,7704
N05000006,East Londonderry,4,Lives rent free,1013
N05000007,Fermanagh and South Tyrone,1,Owner occupied,29110
N05000007,Fermanagh and South Tyrone,2,Social rented,4243
N05000007,Fermanagh and South Tyrone,3,Private rented,7980
N05000007,Fermanagh and South Tyrone,4,Lives rent free,1246
N05000008,Foyle,1,Owner occupied,20906
N05000008,Foyle,2,Social rented,11021
N05000008,Foyle,3,Private rented,7358
N05000008,Foyle,4,Lives rent free,834
N05000009,Lagan Valley,1,Owner occupied,32841
N05000009,Lagan Valley,2,Social rented,5600
N05000009,Lagan Valley,3,Private rented,5294
N05000009,Lagan Valley,4,Lives rent free,878
N05000010,Mid Ulster,1,Owner occupied,26798
N05000010,Mid Ulster,2,Social rented,3256
N05000010,Mid Ulster,3,Private rented,6690
N05000010,Mid Ulster,4,Lives rent free,1080
N05000011,Newry and Armagh,1,Owner occupied,27866
N05000011,Newry and Armagh,2,Social rented,4874
N05000011,Newry and Armagh,3,Private rented,7826
N05000011,Newry and Armagh,4,Lives rent free,1077
N05000012,North Antrim,1,Owner occupied,28261
N05000012,North Antrim,2,Social rented,5708
N05000012,North Antrim,3,Private rented,6982
N05000012,North Antrim,4,Lives rent free,1142
N05000013,North Down,1,Owner occupied,30986
N05000013,North Down,2,Social rented,5030
N05000013,North Down,3,Private rented,5862
N05000013,North Down,4,Lives rent free,647
N05000014,South Antrim,1,Owner occupied,31337
N05000014,South Antrim,2,Social rented,4282
N05000014,South Antrim,3,Private rented,5838
N05000014,South Antrim,4,Lives rent free,789
N05000015,South Down,1,Owner occupied,27650
N05000015,South Down,2,Social rented,3653
N05000015,South Down,3,Private rented,6828
N05000015,South Down,4,Lives rent free,1010
N05000016,Strangford,1,Owner occupied,29351
N05000016,Strangford,2,Social rented,5259
N05000016,Strangford,3,Private rented,5454
N05000016,Strangford,4,Lives rent free,849
N05000017,Upper Bann,1,Owner occupied,31461
N05000017,Upper Bann,2,Social rented,5967
N05000017,Upper Bann,3,Private rented,10124
N05000017,Upper Bann,4,Lives rent free,1022
N05000018,West Tyrone,1,Owner occupied,25656
N05000018,West Tyrone,2,Social rented,4484
N05000018,West Tyrone,3,Private rented,7301
N05000018,West Tyrone,4,Lives rent free,1170
